时乃空,https://www.youtube.com/watch?v=dpT6oEJhNmk,https://www.youtube.com/watch?v=qk-V4XncTD8,https://www.youtube.com/watch?v=RKcwNcJI_Is,https://www.youtube.com/watch?v=4mPowtNCGXs,https://www.youtube.com/watch?v=Az8ffjAuDsg,https://www.youtube.com/watch?v=D9ol395L2v8
萝卜子,https://www.youtube.com/watch?v=XUQ6DxzeySY,https://www.youtube.com/watch?v=SXqkeL0uYTY,https://www.youtube.com/watch?v=c5pQn326YU8,https://www.youtube.com/watch?v=IL30l6KPaXE,https://www.youtube.com/watch?v=3d3Q4QWFz-g,https://www.youtube.com/watch?v=xRYdQlN0PBQ
樱巫女,https://www.youtube.com/watch?v=2wXOh1rAiM4,https://www.youtube.com/watch?v=igpwOCGx5i8,https://www.youtube.com/watch?v=LruVCzxvwXI,https://www.youtube.com/watch?v=33eBV2AA6RQ,https://www.youtube.com/watch?v=_YgVCQa5dHU,https://www.youtube.com/watch?v=dDb8m2Wk6Eo
夜空梅露,https://www.youtube.com/watch?v=0OGKkdpBr04,https://www.youtube.com/watch?v=BEvFye-y_KQ,https://www.youtube.com/watch?v=2n1fM2ItdL8,https://www.youtube.com/watch?v=rUWar2ONJvg,https://www.youtube.com/watch?v=Gz_vIpeNxsI,https://www.youtube.com/watch?v=EqCjZXhFFGk
亚绮·罗森塔尔,https://www.youtube.com/watch?v=Vl_mJuohdtw,https://www.youtube.com/watch?v=w0jPXVnmsys,https://www.youtube.com/watch?v=Er8kR2mIrWA,https://www.youtube.com/watch?v=XcJZFWArodU,https://www.youtube.com/watch?v=cVDSDtngqr8,https://www.youtube.com/watch?v=cLs3lL7qYfI
赤井心,https://www.youtube.com/watch?v=WvaS0AWONB0,https://www.youtube.com/watch?v=om0EHrGdFYg,https://www.youtube.com/watch?v=xKa3pOHJvVk,https://www.youtube.com/watch?v=K7-qlgak5ec,https://www.youtube.com/watch?v=SusFyQXRZMs,https://www.youtube.com/watch?v=kZy7WZEngDo
凑阿库娅,https://www.youtube.com/watch?v=n6uxKqIh5-o,https://www.youtube.com/watch?v=OwlDUQbkRak,https://www.youtube.com/watch?v=lNyPXqfe7p0,https://www.youtube.com/watch?v=-RbriUA8MJ4,https://www.youtube.com/watch?v=OvU3T6j19Aw,https://www.youtube.com/watch?v=24eDjRaOMyw
紫咲诗音,https://www.youtube.com/watch?v=WrBEwFwkHz4,https://www.youtube.com/watch?v=A9ZOwa55lRw,https://www.youtube.com/watch?v=CilSgTb2CqY,https://www.youtube.com/watch?v=HKFYsYT5F8k,https://www.youtube.com/watch?v=WbX36dFEpXk,https://www.youtube.com/watch?v=9Pqi21oMgbs
百鬼绫目,https://www.youtube.com/watch?v=EMet3PGXzoQ,https://www.youtube.com/watch?v=DZCLsGHS2jM,https://www.youtube.com/watch?v=ngQAlMmTJPU,https://www.youtube.com/watch?v=r6aaEdEWUXg,https://www.youtube.com/watch?v=mx2ST27iK8U,https://www.youtube.com/watch?v=uQZGJgNfaSU
愈月巧可,https://www.youtube.com/watch?v=xJOQqvm6zfA,youtube.com/watch?v=CXmbb0HX_SM,https://www.youtube.com/watch?v=4_P-cxa5Dmo,https://www.youtube.com/watch?v=KLwH82SvjUk,https://www.youtube.com/watch?v=G7doSGIjt0s,https://www.youtube.com/watch?v=YwU1moHSX1Y
大空昴,https://www.youtube.com/watch?v=OnpGIwSeRvs,https://www.youtube.com/watch?v=ZWFtleN0NQE,https://www.youtube.com/watch?v=ALccXArqFgw,https://www.youtube.com/watch?v=fwoCE-VJcq4,https://www.youtube.com/watch?v=Wpo2yTo6NHY,https://www.youtube.com/watch?v=URDy3hOMqgg
大神澪,https://www.youtube.com/watch?v=PsIAyZA6OZo,https://www.youtube.com/watch?v=mvvlYzgSsvo,https://www.youtube.com/watch?v=2iNVQe2XQLg,https://www.youtube.com/watch?v=7GndPnRkzPU,https://www.youtube.com/watch?v=W1EZiv2AUbo,https://www.youtube.com/watch?v=6zTLlz45CDM
猫又小粥,https://www.youtube.com/watch?v=uHLwxVJFdtA,https://www.youtube.com/watch?v=iHNdKhvPesM,https://www.youtube.com/watch?v=iQgVURlXppE,https://www.youtube.com/watch?v=iQ99CiEF-HA,https://www.youtube.com/watch?v=c10ilSjZAFw,https://www.youtube.com/watch?v=OG9X5NEAKLc
戌神沁音,https://www.youtube.com/watch?v=ioBi8D9DMtI,https://www.youtube.com/watch?v=W7AikgRaZwM,https://www.youtube.com/watch?v=Eu7UH-LEKyM,https://www.youtube.com/watch?v=9Tq4vT1KcXw,https://www.youtube.com/watch?v=yt_IkxlgSEc,https://www.youtube.com/watch?v=Fja84f9o074
兔田佩克拉,https://www.youtube.com/watch?v=g52QQ7a5310,https://www.youtube.com/watch?v=R5xxtW8RSE4,https://www.youtube.com/watch?v=kZeDsv-c5qM,https://www.youtube.com/watch?v=M0OATRm6NAQ,https://www.youtube.com/watch?v=3xbYF_vIE8A,https://www.youtube.com/watch?v=RikwetCfrMk
润羽露西娅,https://www.youtube.com/watch?v=O7j8sumtkTU,https://www.youtube.com/watch?v=Q8WTf_CqweQ,https://www.youtube.com/watch?v=FM-t4A3lEPk,https://www.youtube.com/watch?v=agspE6MF4vs,https://www.youtube.com/watch?v=xJYT_4UrDV4,https://www.youtube.com/watch?v=4IH9LS1Mkrc
不知火芙蕾雅,https://www.youtube.com/watch?v=cDRDTBVO5MU,https://www.youtube.com/watch?v=ENIc6jIFJ_Q,https://www.youtube.com/watch?v=jl6sCeH8nvo,https://www.youtube.com/watch?v=g_iTJcdXjF4,https://www.youtube.com/watch?v=0x6ojO2EkTU,https://www.youtube.com/watch?v=5TsZqgvw77Y
白银诺艾尔,https://www.youtube.com/watch?v=JE3qaP4kUks,https://www.youtube.com/watch?v=8MlKZlG2RBg,https://www.youtube.com/watch?v=bQR1_uhsJAg,https://www.youtube.com/watch?v=IKpwk-rnmiQ,https://www.youtube.com/watch?v=qHU6NphFAXk,https://www.youtube.com/watch?v=POsIghSq9fY
宝钟玛琳,https://www.youtube.com/watch?v=SOcJkdkBWo4,https://www.youtube.com/watch?v=Q6dh8CseCt0,https://www.youtube.com/watch?v=s3SUFsz3cu4,https://www.youtube.com/watch?v=NuOmAqR0j18&t=1534s,https://www.youtube.com/watch?v=hngoL2kMExU&t=1200s,https://www.youtube.com/watch?v=4phLBcW3WuQ&t=3845s
天音彼方,https://www.youtube.com/watch?v=ghxbtT95X3A,https://www.youtube.com/watch?v=y2Y6UPdLVyM,https://www.youtube.com/watch?v=daf7hLdRD1M&t=4016s,https://www.youtube.com/watch?v=_sDi8Ei4-UU,https://www.youtube.com/watch?v=AikjinGbTXk,https://www.youtube.com/watch?v=7xOR09sikDc
桐生可可,https://www.youtube.com/watch?v=NYhnGbVhJqw,https://www.youtube.com/watch?v=4iBamKeOoUs,https://www.youtube.com/watch?v=sTEwp_gFPpA,https://www.youtube.com/watch?v=5RXEmC0ozUU,https://www.youtube.com/watch?v=006ldwDqZsM,https://www.youtube.com/watch?v=9-xQAOrQxBA
角卷绵芽,https://www.youtube.com/watch?v=6uB4AWiDIuk,https://www.youtube.com/watch?v=ZTtlY36o_u8,https://www.youtube.com/watch?v=tTiL8X2gA_I,https://www.youtube.com/watch?v=gKdmg7GOCjg,https://www.youtube.com/watch?v=hIFxsttOop0,https://www.youtube.com/watch?v=BehsGl29Jc0
常暗永远,https://www.youtube.com/watch?v=9ca1JX0Zhc4,https://www.youtube.com/watch?v=5efpKYdRWCM,https://www.youtube.com/watch?v=xToMjpn0iQ8,https://www.youtube.com/watch?v=cpWzv8YOI2A,https://www.youtube.com/watch?v=wA407f0TIVM,https://www.youtube.com/watch?v=1PaZJY4jaV8
白上吹雪,https://www.youtube.com/watch?v=paRWbH6ua3k&t=2448s,https://www.youtube.com/watch?v=0GbshJmgkvg,https://www.youtube.com/watch?v=AM3kai20okE&t=8164s,https://www.youtube.com/watch?v=8v-7AmfjWoU,https://www.youtube.com/watch?v=gfboP5JRpU4,https://www.youtube.com/watch?v=qvIZWqp-TMY&t=2247s
夏色祭,https://www.youtube.com/watch?v=smSe7MwgVm4,https://www.youtube.com/watch?v=qsl4noiwHNI,https://www.youtube.com/watch?v=PQ-VwhRfNSo,https://www.youtube.com/watch?v=gEfMQLGwqg4,https://www.youtube.com/watch?v=s912tWaBMVs,https://www.youtube.com/watch?v=5aeo3_56Pik
姬森璐娜,https://www.youtube.com/watch?v=YeGV-n_Kgck,https://www.youtube.com/watch?v=5T4BSC5HSpU,https://www.youtube.com/watch?v=-93ZtXbEycI,https://www.youtube.com/watch?v=xJZmoDM0eEs,https://www.youtube.com/watch?v=UM_erU9-BYU,https://www.youtube.com/watch?v=DbJ_IuC3Gzk